source_id,target_id,type,tx,ty,tz,qx,qy,qz,qw,inlier_count,reprojection_error_median
0,1,sequential,0.001751232,0.000258397,0.016769263,0.000891937,-0.000568393,0.001387349,0.999998478,0,nan
1,2,sequential,-0.002741692,0.004824410,-0.000412283,0.000570095,-0.000350165,0.000870840,0.999999397,0,nan
2,3,sequential,-0.007278258,0.000391678,0.010290594,-0.000027658,0.000417565,0.000829282,0.999999569,0,nan
3,4,sequential,0.006325655,-0.001874910,-0.023208710,-0.001247548,-0.000156252,-0.000911564,0.999998794,0,nan
4,5,sequential,-0.006488897,0.003038552,0.023880318,0.001437217,0.000072769,0.001470508,0.999997883,0,nan
5,6,sequential,0.002046104,-0.000359291,-0.004729710,-0.001510878,0.001539194,-0.005991892,0.999979722,0,nan
6,7,sequential,-0.002413647,0.000698600,-0.008561646,0.000187335,-0.000284045,-0.000834186,0.999999594,0,nan
7,8,sequential,-0.003736256,0.000249233,0.014712090,0.001508235,-0.001020631,0.006713628,0.999975805,0,nan
8,9,sequential,0.002604832,0.001137124,-0.020165720,-0.001749023,0.000983675,-0.006475990,0.999977017,0,nan
9,10,sequential,0.002275576,-0.003876983,0.020987385,0.001494542,-0.001167489,0.005874660,0.999980946,0,nan
10,11,sequential,0.001909930,-0.001181722,0.000423778,-0.000094687,-0.000186734,0.000280260,0.999999939,0,nan
11,12,sequential,0.002470809,-0.002732538,0.003711460,-0.000075564,0.000076585,-0.000078717,0.999999991,0,nan
12,13,sequential,-0.000660088,-0.000749022,0.008119929,-0.000043813,-0.000220383,0.000868479,0.999999598,0,nan
13,14,sequential,-0.004112349,0.002444282,-0.021358981,-0.000510920,0.000499828,-0.001100868,0.999999139,0,nan
14,15,sequential,-0.004087703,0.000635649,-0.002725794,-0.000102984,0.000142653,0.000608346,0.999999799,0,nan
15,16,sequential,0.004899713,-0.001877731,0.001577183,0.001115946,0.000289128,-0.004479872,0.999989301,0,nan
16,17,sequential,-0.009414204,-0.014119024,0.005607912,-0.002401801,0.001402324,0.002122409,0.999993880,0,nan
17,18,sequential,-0.002042726,-0.000675639,0.002545343,0.000099186,0.000503346,0.000503836,0.999999741,0,nan
18,19,sequential,0.002115969,0.006003346,0.006181295,0.001055305,0.000444950,-0.001284679,0.999998519,0,nan
19,20,sequential,0.001034626,-0.007642648,0.016202553,0.000040655,0.000159585,0.000820942,0.999999649,0,nan
20,21,sequential,-0.009540544,0.015468867,-0.003353311,0.001425405,0.001185842,-0.001697552,0.999996840,0,nan
21,22,sequential,0.000686782,-0.005019625,-0.011153283,-0.000818653,0.000364766,-0.000576597,0.999999432,0,nan
22,23,sequential,-0.004207409,-0.001774059,-0.005138016,-0.000340835,-0.000092613,0.000608314,0.999999753,0,nan
23,24,sequential,0.008705252,0.000171894,-0.039337393,-0.000799584,-0.000268374,-0.001262346,0.999998848,0,nan
24,25,sequential,-0.007108097,-0.001287394,0.005524543,-0.000009889,0.001391331,-0.000280905,0.999998993,0,nan
25,26,sequential,-0.003701075,0.003287802,0.006289782,-0.000132302,0.000391407,0.000862009,0.999999543,0,nan
26,27,sequential,-0.000910958,-0.001325688,-0.006907347,-0.000221604,0.001067196,-0.000671622,0.999999180,0,nan
27,28,sequential,-0.001818887,0.000183070,0.000233929,0.000259162,-0.000189657,0.000165000,0.999999935,0,nan
28,29,sequential,0.001868509,-0.000910026,0.010890894,0.000045631,0.000883005,0.000400096,0.999999529,0,nan
29,30,sequential,0.007267449,0.001751823,0.008967772,-0.000187563,0.001621306,-0.000589935,0.999998494,0,nan
30,31,sequential,0.011532456,0.006009238,0.009077480,0.000286467,-0.000622361,-0.000036035,0.999999765,0,nan
31,32,sequential,0.012847340,-0.006562395,0.022297264,-0.000214297,0.000290962,-0.000600594,0.999999754,0,nan
32,33,sequential,0.003591983,-0.002048851,0.003466905,-0.000434490,0.004394667,0.001269475,0.999989443,0,nan
33,34,sequential,0.000973445,-0.003180857,0.003110034,-0.000692182,0.004689562,0.000651528,0.999988552,0,nan
34,35,sequential,0.000144175,-0.001693331,0.003180961,-0.000520011,0.005661553,0.000491236,0.999983717,0,nan
35,36,sequential,-0.001112452,-0.003788445,0.004471647,-0.000270540,0.004107713,0.003142839,0.999986588,0,nan
36,37,sequential,-0.001738907,-0.001840029,-0.001403510,-0.000625559,0.003702693,0.001569191,0.999991718,0,nan
37,38,sequential,-0.001714337,-0.004920352,0.008109260,0.000224492,0.004651651,-0.000006818,0.999989156,0,nan
38,39,sequential,-0.004558459,0.003506447,0.015455388,0.000998533,0.005147868,0.000568577,0.999986089,0,nan
39,40,sequential,0.006204464,0.011624245,-0.002527935,-0.000259666,0.004088283,0.001215126,0.999990871,0,nan
40,41,sequential,-0.000940465,-0.001196218,0.010479329,-0.000808320,0.004335894,0.001849323,0.999988563,0,nan
41,42,sequential,-0.005494350,-0.003289674,0.014127465,-0.001934574,0.003958306,0.003057278,0.999985621,0,nan
42,43,sequential,-0.017630524,-0.023384264,0.082065444,0.002060441,-0.000006931,-0.000050565,0.999997876,0,nan
43,44,sequential,-0.000706572,-0.013372152,0.028473530,0.000243509,-0.000199078,-0.000804217,0.999999627,0,nan
44,45,sequential,-0.012878137,-0.026167929,0.068681449,0.008106036,-0.001916933,-0.000264274,0.999965273,0,nan
45,46,sequential,-0.006342552,0.001650528,0.079277301,0.016724300,-0.004166562,0.000607862,0.999851273,0,nan
46,47,sequential,-0.000936883,-0.017360378,0.039921197,0.007144802,-0.001109983,-0.003094953,0.999969070,0,nan
47,48,sequential,0.000925262,0.004113286,0.002387314,0.009132615,-0.002547114,0.006614477,0.999933176,0,nan
48,49,sequential,-0.002307411,-0.001553647,0.018359380,0.013668130,-0.003791019,0.000069420,0.999899398,0,nan
49,50,sequential,-0.018876105,-0.001073757,0.075491637,0.027342223,-0.006597972,-0.000612872,0.999604169,0,nan
50,51,sequential,-0.011512312,0.028289115,0.053036520,0.015243845,0.000994055,-0.002181312,0.999880932,0,nan
51,52,sequential,0.001728002,0.000317572,0.013876575,0.005039301,0.000509940,-0.000147558,0.999987162,0,nan
52,53,sequential,-0.004590053,0.004308078,0.030790701,0.018323789,0.002023371,-0.003278235,0.999824684,0,nan
53,54,sequential,0.001629980,-0.019838781,0.011436650,0.004845584,-0.000182483,-0.001720417,0.999986764,0,nan
54,55,sequential,-0.001645476,-0.053957603,0.011403749,-0.004202697,0.001193933,-0.003048579,0.999985809,0,nan
55,56,sequential,-0.009353704,0.034080099,0.033391716,0.009966161,0.001153738,0.001407962,0.999948680,0,nan
56,57,sequential,-0.002950623,0.058360837,0.042154886,0.012060322,0.000376146,0.001508410,0.999926063,0,nan
57,58,sequential,0.000423903,0.055741414,0.034065152,0.012171043,-0.000294190,0.000673942,0.999925660,0,nan
58,59,sequential,-0.015513988,0.088783623,0.044678502,0.020958995,0.001072352,0.004551321,0.999769401,0,nan
59,60,sequential,-0.005660841,-0.003161504,0.019579192,0.022011867,-0.000086103,0.001148951,0.999757046,0,nan
60,61,sequential,-0.005544443,-0.029115236,0.014469055,0.018733898,-0.000019223,0.000500798,0.999824380,0,nan
61,62,sequential,-0.004194476,-0.024281165,0.011512735,0.012998765,-0.000434906,0.001480514,0.999914322,0,nan
62,63,sequential,-0.002719823,-0.018579421,0.007008446,0.007667253,-0.001034870,0.004506111,0.999959918,0,nan
63,64,sequential,0.008766306,-0.033297570,-0.001533444,-0.005009820,-0.002449007,0.006496508,0.999963349,0,nan
64,65,sequential,-0.016706012,-0.013685743,-0.031320386,-0.006173745,0.000518259,-0.000985670,0.999980322,0,nan
65,66,sequential,0.029401974,-0.015223809,0.001763835,-0.004866888,-0.001022139,-0.003894264,0.999980051,0,nan
66,67,sequential,0.016803186,-0.018087175,-0.007529416,-0.007683809,-0.000852497,-0.002416398,0.999967196,0,nan
67,68,sequential,0.009081475,-0.011764385,-0.021016641,-0.007581485,-0.000867579,-0.001719514,0.999969405,0,nan
68,69,sequential,-0.003824879,-0.016856125,-0.012551117,-0.006344057,0.000058379,-0.001715400,0.999978403,0,nan
69,70,sequential,-0.001294619,-0.012828566,-0.012365216,-0.010262735,0.000041417,-0.001442159,0.999946296,0,nan
70,71,sequential,-0.002063282,-0.015865359,-0.019138321,-0.007452581,-0.000010552,-0.000729799,0.999971963,0,nan
71,72,sequential,-0.007538396,-0.022529588,-0.009779554,-0.005137444,0.000797227,-0.001958171,0.999984568,0,nan
72,73,sequential,0.019362222,0.001676603,0.006018621,-0.001027115,-0.001914611,-0.001798039,0.999996023,0,nan
73,74,sequential,0.001710627,0.004316630,-0.006304929,0.002376340,0.000243503,0.000636329,0.999996944,0,nan
74,75,sequential,-0.022904414,-0.007922073,0.022720895,0.000422219,0.000873582,0.004552529,0.999989166,0,nan
75,76,sequential,-0.002184982,-0.017683005,-0.018027597,-0.008531555,-0.002484457,0.008689601,0.999922762,0,nan
76,77,sequential,0.014808850,-0.015509133,0.024672252,-0.005171617,-0.002800679,0.005500608,0.999967576,0,nan
77,78,sequential,-0.008416435,-0.018986259,-0.011875562,-0.006995340,-0.001061311,0.005960572,0.999957204,0,nan
78,79,sequential,-0.002725469,-0.016931692,0.015222193,-0.003337486,0.000007726,0.003373012,0.999988742,0,nan
79,80,sequential,-0.005544114,0.014258723,0.026389145,0.007033710,0.001712324,-0.000066544,0.999973795,0,nan
80,81,sequential,0.011031872,0.015220582,0.036404925,0.005915445,0.002922568,-0.008726986,0.999940151,0,nan
81,82,sequential,0.029442748,0.014515675,0.051868163,0.002535137,0.002089165,-0.012274424,0.999919270,0,nan
82,83,sequential,0.003441438,0.023140579,0.078860560,0.009126694,0.005358566,-0.005185611,0.999930547,0,nan
83,84,sequential,0.021581136,0.003313743,0.073421362,0.004090707,0.002694782,-0.004671863,0.999977089,0,nan
84,85,sequential,0.003329484,-0.029464021,0.002171029,0.000557436,0.000764828,-0.001972704,0.999997606,0,nan
85,86,sequential,-0.001534348,-0.027976489,0.003909122,0.003467289,0.000965793,-0.001153484,0.999992857,0,nan
86,87,sequential,0.001316939,-0.024526156,0.004660944,0.002602723,0.000734206,-0.000070127,0.999996341,0,nan
87,88,sequential,0.001300474,-0.027295641,0.005670970,-0.000266033,0.000395618,0.000042354,0.999999885,0,nan
88,89,sequential,0.002462851,-0.026461202,0.007151236,0.000061133,0.000061795,-0.000378772,0.999999924,0,nan
89,90,sequential,0.002797855,-0.026470341,0.008510911,0.000137919,-0.000228548,0.000472285,0.999999853,0,nan
90,91,sequential,0.000173134,-0.032614713,0.008294097,-0.002671849,-0.000047670,0.001060779,0.999995867,0,nan
91,92,sequential,0.000641008,-0.025227706,0.010686406,-0.001445542,0.000084544,-0.000071415,0.999998949,0,nan
92,93,sequential,0.000760549,0.007491149,0.013889908,0.006338905,-0.000079573,-0.002526447,0.999976714,0,nan
93,94,sequential,0.000523705,0.002734847,0.016606978,0.008124845,-0.000596211,-0.002269528,0.999964240,0,nan
94,95,sequential,-0.001015471,-0.034659967,0.012816957,0.003309172,-0.000093872,0.000625661,0.999994325,0,nan
95,96,sequential,-0.000536736,-0.032025418,0.018714240,0.003653523,-0.000054344,0.000176905,0.999993309,0,nan
96,97,sequential,-0.001398572,-0.033057241,0.017940637,0.001680375,0.000104221,0.000255660,0.999998550,0,nan
97,98,sequential,0.000267375,-0.029232796,0.018140895,0.000123035,-0.000379887,0.000352776,0.999999858,0,nan
98,99,sequential,-0.002908378,-0.031603571,0.020040979,0.000592665,-0.000504130,0.000923878,0.999999271,0,nan
99,100,sequential,-0.003058603,-0.031582363,0.020786469,0.001053199,-0.001167481,0.003405998,0.999992963,0,nan
100,101,sequential,-0.005985459,-0.034699634,0.023771626,0.001964703,-0.000771711,0.003412478,0.999991950,0,nan
101,102,sequential,-0.003136905,-0.031611937,0.028072876,0.001190702,-0.003681483,0.010696233,0.999935308,0,nan
102,103,sequential,-0.002731148,-0.026077424,0.023245584,0.002306788,-0.004203153,0.014223848,0.999887341,0,nan
103,104,sequential,-0.002530816,-0.024604276,0.025014774,0.002281968,-0.004329009,0.014795820,0.999878561,0,nan
104,105,sequential,0.001917324,-0.034996990,0.041717216,0.001415792,-0.008625893,0.027294404,0.999589218,0,nan
105,106,sequential,0.005879726,-0.019517463,0.026585789,0.000472662,-0.002683958,0.005237295,0.999982572,0,nan
106,107,sequential,0.017733824,-0.016499343,0.027520443,0.000918182,-0.001447801,-0.005531524,0.999983231,0,nan
107,108,sequential,0.030956151,-0.014377774,0.022257405,0.000026523,-0.003173728,-0.004547617,0.999984623,0,nan
108,109,sequential,0.027311459,-0.013759639,0.027592937,-0.001679488,-0.000220896,-0.011556515,0.999931786,0,nan
109,110,sequential,0.033158310,-0.010360580,0.031338005,-0.000588474,-0.000174224,-0.013071449,0.999914377,0,nan
110,111,sequential,0.037212853,-0.007798126,0.029006652,-0.000850729,0.001727758,-0.016372932,0.999864100,0,nan
111,112,sequential,0.048126576,-0.009155127,0.041081135,0.001216328,0.004280219,-0.019544288,0.999799090,0,nan
112,113,sequential,0.152375918,-0.013093560,0.137065674,0.000369992,0.011569029,-0.013794600,0.999837852,0,nan
113,114,sequential,0.177687548,-0.059240362,0.182287997,-0.001719883,0.012537314,0.005495611,0.999904823,0,nan
114,115,sequential,0.056729567,-0.026076522,0.074933555,0.000333597,0.000535085,0.000387194,0.999999726,0,nan
115,116,sequential,0.019149009,-0.016626324,0.025905072,-0.000359498,-0.000230342,-0.000462642,0.999999802,0,nan
116,117,sequential,0.027953203,-0.006516342,0.030879290,0.001404819,-0.002081203,-0.000831661,0.999996502,0,nan
117,118,sequential,0.020576067,-0.013204767,0.027407656,0.001388752,0.000848262,-0.007510797,0.999970469,0,nan
118,119,sequential,0.029571909,-0.013643477,0.040975984,0.004776891,-0.000100610,-0.013691381,0.999894853,0,nan
119,120,sequential,0.019636399,-0.007131926,0.031045766,0.000119582,-0.003769807,0.002066784,0.999990751,0,nan
120,121,sequential,0.012148215,-0.010971284,0.027292972,-0.001667252,-0.003333421,0.000018419,0.999993054,0,nan
121,122,sequential,0.042817101,-0.011482320,0.100390286,-0.003229503,-0.018297686,0.011636249,0.999759652,0,nan
122,123,sequential,0.054283609,-0.003600670,0.152693764,0.026473525,-0.013144236,0.000703257,0.999562848,0,nan
123,124,sequential,0.020356387,-0.002228602,0.029271721,-0.004040710,-0.002157975,0.000769868,0.999989211,0,nan
124,125,sequential,0.028680881,0.007670807,0.063919597,-0.017517305,-0.000053451,0.000902536,0.999846151,0,nan
125,126,sequential,0.012671214,-0.001024894,0.024664196,-0.004158189,0.000297972,0.000564298,0.999991151,0,nan
126,127,sequential,0.011719927,-0.005307016,0.016606397,0.000374807,-0.000103277,-0.001255038,0.999999137,0,nan
127,128,sequential,0.010529488,-0.015762398,0.014079920,-0.002839344,0.000571324,-0.001530317,0.999994635,0,nan
128,129,sequential,0.000130330,0.001264996,0.025431488,0.002967152,0.000580759,-0.000885002,0.999995038,0,nan
129,130,sequential,-0.007487475,-0.008210882,0.009557471,0.000618253,0.003206455,-0.000932533,0.999994233,0,nan
130,131,sequential,0.018611678,0.017465939,0.022010554,0.006669902,-0.001704511,0.002149017,0.999973994,0,nan
131,132,sequential,0.004105335,0.003983751,0.009686199,0.003686101,0.001219351,-0.001460865,0.999991396,0,nan
132,133,sequential,0.003094588,-0.013735795,0.015964507,-0.000301878,0.001362882,-0.000153673,0.999999014,0,nan
133,134,sequential,0.004797326,-0.011279591,0.014215003,-0.000336211,0.001047341,0.000028913,0.999999395,0,nan
134,135,sequential,0.005501733,-0.010320554,0.017721833,-0.000172330,0.001368164,0.000085723,0.999999046,0,nan
135,136,sequential,0.004955716,-0.012478294,0.018719236,0.000473952,-0.000793953,0.007795003,0.999969191,0,nan
136,137,sequential,0.004088533,-0.013946470,0.018212866,-0.000522662,-0.001927886,0.009250457,0.999955219,0,nan
137,138,sequential,0.003168111,0.000547996,0.027004456,0.000264790,0.002025389,-0.005709014,0.999981617,0,nan
138,139,sequential,0.005348482,-0.010769997,0.017274995,-0.001022637,0.001826074,-0.006434541,0.999977108,0,nan
139,140,sequential,0.004757309,-0.010976416,0.017193154,0.000111019,0.000987209,-0.003564432,0.999993154,0,nan
140,141,sequential,0.008315129,-0.013805959,0.013850803,0.000732864,-0.000205072,-0.000575116,0.999999545,0,nan
141,142,sequential,0.008241186,-0.012178291,0.013585313,0.000073446,-0.000258430,0.000577474,0.999999797,0,nan
142,143,sequential,0.006630214,-0.010912596,0.015430364,0.000964093,-0.000822799,-0.000623877,0.999999002,0,nan
143,144,sequential,0.003504757,-0.014806493,0.014040313,0.000450840,-0.000777112,-0.000663197,0.999999377,0,nan
144,145,sequential,0.004757765,-0.013243836,0.018235946,0.000308091,-0.001056274,-0.000189317,0.999999377,0,nan
145,146,sequential,-0.000314548,-0.018832252,0.019949229,-0.003685686,-0.000634923,-0.002474677,0.999989944,0,nan
146,147,sequential,0.003255477,-0.011025330,0.016749874,-0.003054200,-0.001396654,-0.000080431,0.999994357,0,nan
147,148,sequential,0.002347907,-0.013341395,0.014813755,-0.003965112,-0.001409966,-0.001264771,0.999990345,0,nan
148,149,sequential,0.003571683,-0.011354280,0.023560509,-0.002923527,-0.002755285,-0.000181568,0.999991914,0,nan
149,150,sequential,0.000015795,-0.028890944,0.050642808,-0.000829540,-0.004849641,-0.003483421,0.999981829,0,nan
150,151,sequential,-0.016792518,-0.072496307,0.148520939,0.015582540,-0.020818410,-0.007080970,0.999636753,0,nan
151,152,sequential,-0.001973717,-0.013799409,0.045700156,-0.000695449,-0.009633687,-0.003294339,0.999947927,0,nan
152,153,sequential,-0.011218493,-0.017042081,0.082177904,0.006536360,-0.012823540,-0.003383097,0.999890688,0,nan
153,154,sequential,-0.023923793,-0.052315727,0.138244400,0.027215780,-0.013541855,-0.002605063,0.999534458,0,nan
154,155,sequential,-0.009433290,-0.027998748,0.025999942,-0.001841757,-0.007006987,-0.007063936,0.999948804,0,nan
155,156,sequential,-0.005952799,-0.010718227,0.008296549,-0.004150569,-0.001086052,-0.011286091,0.999927106,0,nan
156,157,sequential,-0.018153853,-0.015247315,0.012038119,-0.005834086,-0.010586941,-0.012566691,0.999847968,0,nan
157,158,sequential,-0.080144494,0.007359195,0.013133315,0.003976987,-0.027970887,-0.009987208,0.999550934,0,nan
158,159,sequential,-0.098369541,0.039456842,-0.003656024,0.001954819,-0.015367091,-0.004589069,0.999869477,0,nan
159,160,sequential,-0.034485807,0.013202388,0.002920881,0.000294231,-0.004114434,0.007272685,0.999965046,0,nan
160,161,sequential,-0.195509683,0.012787460,-0.050583202,-0.018957605,-0.010957384,0.018787775,0.999583696,0,nan
161,162,sequential,-0.051623021,-0.014896926,-0.014147564,-0.003996656,-0.003016242,0.001117934,0.999986840,0,nan
162,163,sequential,-0.176048819,-0.045048051,-0.047615081,-0.005314682,-0.007154183,-0.004406786,0.999950575,0,nan
163,164,sequential,-0.174616922,-0.060569630,-0.028140171,0.002229352,-0.006336040,-0.004969677,0.999965093,0,nan
164,165,sequential,-0.035552667,-0.019797989,-0.003603726,-0.000561276,0.005793640,-0.012085156,0.999910030,0,nan
165,166,sequential,-0.009562556,-0.012734708,-0.017135098,-0.000583167,0.003165651,-0.008954605,0.999954726,0,nan
166,167,sequential,-0.039508343,-0.014376095,-0.009330332,-0.000835745,0.003080682,-0.000264082,0.999994871,0,nan
167,168,sequential,-0.039794764,-0.014533916,-0.001277720,-0.000491320,0.003438058,0.004520147,0.999983753,0,nan
168,169,sequential,-0.037201975,-0.012869358,0.000259917,0.000310580,0.002841461,0.007501399,0.999967779,0,nan
169,170,sequential,-0.037685340,-0.012599522,0.000014271,0.000692847,0.001836633,0.006934535,0.999974029,0,nan
170,171,sequential,-0.040531317,-0.012037865,-0.001074710,0.000364073,0.002080823,0.005179355,0.999984356,0,nan
171,172,sequential,-0.044028135,-0.006881110,0.004320850,-0.000406331,0.001931816,0.004349153,0.999988594,0,nan
172,173,sequential,-0.045780930,-0.011171817,-0.002900854,0.000843310,0.003574851,0.002635085,0.999989783,0,nan
173,174,sequential,-0.035893120,-0.008518084,0.000687519,-0.000908600,0.004557770,0.002316561,0.999986517,0,nan
174,175,sequential,-0.041854162,-0.004995230,0.000467170,-0.000460748,0.005052467,0.006915961,0.999963214,0,nan
175,176,sequential,-0.041372108,-0.007054674,0.011518356,0.001810890,0.004458248,0.011623370,0.999920868,0,nan
176,177,sequential,-0.046319081,-0.008024368,0.002820746,0.025741771,0.001002930,0.030252214,0.999210268,0,nan
177,178,sequential,-0.083147565,-0.007987533,-0.023988162,0.033506597,0.009616942,0.049479272,0.998166631,0,nan
178,179,sequential,-0.003733343,-0.022410258,-0.137898167,-0.027577424,0.041308119,-0.046726921,0.997672150,0,nan
179,180,sequential,0.041226867,-0.030189803,-0.102389972,-0.021631528,0.010964847,-0.028699483,0.999293845,0,nan
180,181,sequential,0.019124095,-0.012265544,-0.036808708,-0.003445120,0.000072209,-0.003486523,0.999987985,0,nan
181,182,sequential,0.008266154,-0.009508684,-0.029856084,-0.001745915,0.000769101,-0.002247010,0.999995656,0,nan
182,183,sequential,0.001341913,-0.010595245,-0.037731982,-0.001281029,0.001016646,-0.002530725,0.999995460,0,nan
183,184,sequential,0.013471022,-0.016030543,-0.032879325,-0.000067450,-0.000763039,-0.001197502,0.999998990,0,nan
184,185,sequential,0.012919568,-0.003509035,-0.029284139,0.000309771,-0.000909916,-0.001296960,0.999998697,0,nan
185,186,sequential,0.009743202,-0.006835895,-0.032401871,-0.000001935,-0.000772316,-0.000789579,0.999999390,0,nan
186,187,sequential,0.008368452,-0.006688213,-0.030894813,0.000144922,-0.000724719,-0.000425895,0.999999636,0,nan
187,188,sequential,0.012126675,-0.004601705,-0.025748410,-0.005556549,-0.001216665,-0.000227790,0.999983796,0,nan
188,189,sequential,0.040747756,0.024311024,-0.106713904,-0.043457583,-0.004916518,0.005202571,0.999029629,0,nan
189,190,sequential,0.004394991,0.013062679,0.000285590,0.000887920,-0.002518240,0.008130876,0.999963379,0,nan
190,191,sequential,0.002559236,0.001657054,-0.003635359,0.010583283,-0.005621737,0.018385432,0.999759154,0,nan
191,192,sequential,0.086082577,-0.003125742,0.039063465,0.038146320,0.003286314,-0.017805818,0.999108108,0,nan
192,193,sequential,0.103946302,-0.016438327,0.041672085,0.001902085,0.003545259,-0.012201398,0.999917466,0,nan
193,194,sequential,0.022469750,-0.003044256,0.012290898,0.000329757,0.000348706,0.001725916,0.999998395,0,nan
194,195,sequential,0.016491128,-0.009411228,0.009421557,-0.000668041,-0.001832257,0.005234272,0.999984399,0,nan
195,196,sequential,0.017844357,-0.007275746,-0.000232987,0.000055527,-0.002449120,0.005859392,0.999979833,0,nan
196,197,sequential,0.010805221,-0.005373282,0.009323552,0.000105692,-0.002751225,0.009998905,0.999946219,0,nan
197,198,sequential,0.013565885,-0.008742713,0.001625790,0.000024462,-0.000579446,0.004146987,0.999991233,0,nan
198,199,sequential,0.021339567,-0.008417555,0.005135301,0.000388210,-0.000222537,-0.001503307,0.999998770,0,nan
199,200,sequential,0.084352344,-0.030539785,0.029891652,-0.003107948,0.005850274,-0.023279874,0.999707038,0,nan
200,201,sequential,0.018629011,-0.008407812,0.006335596,0.000222260,0.000372805,-0.000754317,0.999999621,0,nan
201,202,sequential,0.036641123,-0.019188931,0.013124931,0.000990571,0.000578766,0.000049690,0.999999341,0,nan
202,203,sequential,0.017927690,-0.000601510,0.013751066,0.001392954,0.000453398,-0.000235949,0.999998899,0,nan
203,204,sequential,0.018556824,-0.009744845,0.006303070,-0.000728109,0.000636859,0.000028697,0.999999532,0,nan
204,205,sequential,0.013088121,-0.012964959,0.014145885,0.000956424,0.000949666,0.000380346,0.999999019,0,nan
205,206,sequential,0.018902176,-0.007987306,0.012266163,0.000455602,0.000788822,-0.000826644,0.999999243,0,nan
206,207,sequential,0.012331694,-0.011106767,0.008561476,-0.000684688,0.000414328,-0.000168056,0.999999666,0,nan
207,208,sequential,0.012209764,-0.007034460,0.009007439,-0.000089987,0.001214272,0.000118183,0.999999252,0,nan
208,209,sequential,0.017942553,-0.015497034,0.014434245,-0.001461709,0.000382592,0.000198169,0.999998839,0,nan
209,210,sequential,0.011448484,-0.010528868,0.009707266,0.001297220,0.000947165,0.000251650,0.999998678,0,nan
210,211,sequential,0.022533335,-0.013666395,0.013544947,0.001486214,0.000698422,0.000533897,0.999998509,0,nan
211,212,sequential,0.010746966,-0.009649445,0.011016620,0.000063381,0.000871092,0.000511398,0.999999488,0,nan
212,213,sequential,0.011413189,-0.006383841,0.018939880,0.000026147,0.000516923,-0.001883279,0.999998093,0,nan
213,214,sequential,0.018946720,-0.010362745,0.000804850,-0.000102713,0.000614469,-0.000296509,0.999999762,0,nan
214,215,sequential,0.019650286,-0.003544258,0.017738283,-0.000038804,-0.000261880,0.001244879,0.999999190,0,nan
215,216,sequential,0.012510815,-0.000123832,0.014299894,0.000326166,0.000184355,-0.000197912,0.999999910,0,nan
216,217,sequential,0.006266053,-0.005995944,0.014919349,-0.000421822,-0.000055451,0.001455962,0.999998850,0,nan
217,218,sequential,0.016786420,0.005171449,0.014118759,0.000419290,-0.002954325,0.008714696,0.999957574,0,nan
218,219,sequential,0.008011521,0.003636835,0.014919241,-0.000184705,-0.001433583,0.005245655,0.999985197,0,nan
219,220,sequential,0.010530431,0.008582716,0.014141993,-0.000483610,-0.001588972,0.005162088,0.999985297,0,nan
220,221,sequential,0.000421434,0.001492809,-0.014491384,-0.000560466,0.001723140,-0.004662085,0.999987491,0,nan
221,222,sequential,0.019738322,0.006767107,0.017201955,-0.000894719,0.000802207,-0.003772688,0.999992161,0,nan
222,223,sequential,0.014805269,0.009783708,0.020452135,-0.001891764,0.001049791,-0.002240758,0.999995149,0,nan
223,224,sequential,0.016948118,0.007513399,0.017768045,-0.001961473,-0.000008597,-0.001173056,0.999997388,0,nan
224,225,sequential,0.022067331,0.012532145,0.027725899,-0.000819616,0.000939728,-0.001934114,0.999997352,0,nan
225,226,sequential,0.016223365,0.007066472,0.021913698,-0.000211225,0.000774484,-0.002693283,0.999996051,0,nan
226,227,sequential,0.013664798,0.010992957,0.016218980,0.001740275,0.000651277,-0.000067694,0.999998271,0,nan
227,228,sequential,0.013159751,0.007599515,0.019341902,0.001684975,0.000456457,0.000501155,0.999998351,0,nan
228,229,sequential,0.018430407,0.004871750,0.021974874,0.000146289,-0.000901172,0.002868990,0.999995468,0,nan
229,230,sequential,0.016608807,0.006609250,0.020024514,-0.000334902,-0.000330025,-0.000284850,0.999999849,0,nan
230,231,sequential,0.021696745,0.008892693,0.029654104,-0.002880548,-0.000255376,-0.000023143,0.999995818,0,nan
231,232,sequential,0.012673785,0.004815174,0.023016008,0.001541122,-0.000231345,0.001649048,0.999997426,0,nan
232,233,sequential,0.016863583,0.000328750,0.017697248,0.001410625,0.000202825,-0.001315571,0.999998119,0,nan
233,234,sequential,0.014355046,0.007546366,0.019434096,0.001766384,0.000360169,-0.001966782,0.999996441,0,nan
234,235,sequential,0.012745346,0.004428612,0.019478954,0.000717605,0.000163549,0.000317524,0.999999679,0,nan
235,236,sequential,0.015634503,0.005479811,0.023281536,-0.000228675,-0.000290218,-0.000222294,0.999999907,0,nan
236,237,sequential,0.016035693,0.005165011,0.030349745,0.000119279,-0.000124838,-0.001782075,0.999998397,0,nan
237,238,sequential,0.013389013,0.003858984,0.021383751,0.000358847,0.000169908,-0.000514930,0.999999789,0,nan
238,239,sequential,0.015748050,0.003083098,0.021746726,-0.000094202,-0.000110347,-0.001372258,0.999999048,0,nan
239,240,sequential,0.008403653,0.002788267,0.011153254,0.001008886,0.001050258,-0.000178132,0.999998924,0,nan
240,241,sequential,0.020600532,0.000382899,0.014965493,-0.001141537,-0.000757603,-0.001243840,0.999998288,0,nan
241,242,sequential,0.010281698,0.000042306,0.019883953,0.000063834,0.000812672,0.001229472,0.999998912,0,nan
242,243,sequential,0.006937072,0.000437875,0.012937910,-0.000491047,-0.003871465,0.016355048,0.999858632,0,nan
243,244,sequential,0.004397082,0.000456283,0.022956448,0.000036713,-0.000856525,0.004747845,0.999988361,0,nan
244,245,sequential,0.001703861,-0.003871125,-0.000290017,-0.000155291,0.003803283,-0.008712146,0.999954804,0,nan
245,246,sequential,0.015792823,0.001460298,0.022548261,0.000294660,0.000960846,-0.002873834,0.999995366,0,nan
246,247,sequential,0.017977725,0.000056280,0.022614395,0.000026852,0.000566881,-0.002978235,0.999995404,0,nan
247,248,sequential,0.015941777,0.004635884,0.021017993,0.000935389,-0.000685022,0.001033163,0.999998794,0,nan
248,249,sequential,0.014921649,0.001103758,0.023063568,-0.000359794,0.000398076,-0.003974540,0.999991958,0,nan
249,250,sequential,0.019293666,-0.001554506,0.018525160,-0.000323307,-0.001031230,-0.003959424,0.999991577,0,nan
250,251,sequential,0.019234189,-0.003237898,0.019490270,-0.000487808,-0.002055739,-0.003450143,0.999991816,0,nan
251,252,sequential,0.005900539,-0.006581441,0.001317927,-0.002308691,-0.002241959,-0.000940455,0.999994380,0,nan
252,253,sequential,0.011463342,-0.000472428,0.020039303,-0.001395568,-0.002789097,-0.002678192,0.999991550,0,nan
253,254,sequential,0.009802032,0.016824806,0.019590731,0.001165898,-0.002734466,-0.003033720,0.999990980,0,nan
151,254,loop,-0.069209817,-0.318666188,0.470616367,0.003931152,-0.040269018,-0.011801455,0.999111444,43,1.710613190
254,255,sequential,0.016453203,-0.004089997,0.016423111,-0.000929322,-0.003767792,0.000722932,0.999992209,0,nan
255,256,sequential,0.023064500,-0.003101952,0.027084805,0.000586506,-0.003267660,0.000284006,0.999994449,0,nan
256,257,sequential,0.001669365,-0.003436552,0.010256036,-0.000983629,-0.001739674,-0.000888069,0.999997609,0,nan
257,258,sequential,0.004501862,0.003953546,0.004623448,-0.002162866,-0.002577175,-0.001619352,0.999993029,0,nan
258,259,sequential,0.014333406,0.002301254,0.018673616,-0.001319879,-0.002908782,-0.001868379,0.999993153,0,nan
259,260,sequential,0.002585770,-0.016199472,0.013017841,-0.000135237,-0.001548862,0.000988225,0.999998303,0,nan
260,261,sequential,0.011562086,0.004418378,0.009641306,-0.003178911,-0.003811626,0.003606430,0.999981180,0,nan
261,262,sequential,0.012643695,0.001945082,0.023262634,0.000698949,-0.004323929,0.006530271,0.999969085,0,nan
262,263,sequential,0.011977467,-0.002549833,0.023979711,0.001888221,-0.005693257,0.008089690,0.999949288,0,nan
263,264,sequential,0.020740020,-0.000716754,0.029587338,0.000149567,-0.005048430,0.000531642,0.999987104,0,nan
264,265,sequential,0.018278529,0.008611831,0.020240161,0.002406163,-0.002699201,-0.006605750,0.999971644,0,nan
265,266,sequential,0.021989540,-0.001582773,0.024117429,0.000214779,-0.002296766,-0.008586058,0.999960478,0,nan
266,267,sequential,0.022327030,-0.002637309,0.025028118,-0.000286372,-0.003659202,-0.005266119,0.999979398,0,nan
267,268,sequential,0.025240582,-0.011039639,0.033110321,-0.001206419,-0.003349949,-0.006030093,0.999975480,0,nan
268,269,sequential,0.023621529,-0.002627309,0.024439636,-0.000848299,-0.004089545,-0.003580468,0.999984868,0,nan
269,270,sequential,0.021043812,0.000598650,0.021266278,0.001869903,-0.004600046,0.000271101,0.999987635,0,nan
270,271,sequential,0.021858981,-0.004878996,0.026304054,0.000509195,-0.004078102,-0.002063360,0.999989426,0,nan
271,272,sequential,0.021822239,-0.001452577,0.027079550,0.000442487,-0.004135949,-0.001435389,0.999990319,0,nan
272,273,sequential,0.028624216,-0.013570704,0.027391345,-0.000960876,-0.004818373,-0.001920327,0.999986086,0,nan
273,274,sequential,0.016272858,0.012036322,0.016466471,0.002036704,-0.003954379,-0.004483403,0.999980057,0,nan
274,275,sequential,0.023312390,-0.003166856,0.025326944,0.000128486,-0.004849961,-0.001819630,0.999986575,0,nan
275,276,sequential,0.026122683,-0.003744362,0.024267783,0.000477781,-0.005268724,-0.002259081,0.999983454,0,nan
276,277,sequential,0.021186115,-0.002730704,0.022114370,0.000114132,-0.005223877,-0.002021568,0.999984306,0,nan
277,278,sequential,0.027005992,-0.010610740,0.025023487,-0.001130618,-0.005899484,-0.000777845,0.999981656,0,nan
278,279,sequential,0.020894764,-0.001440203,0.022518615,0.000078816,-0.005431594,-0.002843665,0.999981202,0,nan
279,280,sequential,0.018379908,0.001642771,0.019619944,0.000365629,-0.004818516,-0.006854214,0.999964833,0,nan
280,281,sequential,0.026882574,-0.005701316,0.023315283,0.000136352,-0.002287157,-0.017573698,0.999842945,0,nan
281,282,sequential,0.041245570,-0.000780545,0.049303424,0.002788047,-0.006035497,-0.031884092,0.999469461,0,nan
282,283,sequential,0.020534239,-0.006386511,0.065749575,0.016936623,-0.004704763,-0.023522542,0.999568760,0,nan
283,284,sequential,0.005759756,-0.000709014,0.020387720,0.000467895,-0.004568036,0.002721509,0.999985754,0,nan
284,285,sequential,-0.008201860,-0.000541370,0.020426615,-0.006876127,-0.006199210,0.010821587,0.999898586,0,nan
285,286,sequential,-0.014671147,-0.001518610,0.014231877,-0.003234288,-0.005488314,0.012202843,0.999905250,0,nan
286,287,sequential,-0.017251507,0.002131482,0.017536999,-0.001511505,-0.003866434,0.007658935,0.999962053,0,nan
287,288,sequential,-0.019636118,-0.001932017,0.014054082,-0.001815598,-0.003307180,0.004648381,0.999982079,0,nan
288,289,sequential,-0.018447891,0.002205458,0.018375759,-0.000982898,-0.002641126,0.003901445,0.999988418,0,nan
289,290,sequential,-0.022063146,-0.000353474,0.016151327,-0.000226701,-0.003007312,0.005005165,0.999982926,0,nan
290,291,sequential,-0.023362088,0.000517850,0.019816799,-0.000523290,-0.004065895,0.009049236,0.999950652,0,nan
291,292,sequential,-0.020808820,0.002395342,0.021076216,0.001515311,-0.003301627,0.005922513,0.999975863,0,nan
292,293,sequential,-0.028583187,-0.004385569,0.010445875,-0.001198269,-0.001857140,0.002867004,0.999993448,0,nan
293,294,sequential,-0.023344011,-0.002516656,0.013428608,-0.000397226,-0.001881082,0.001743845,0.999996631,0,nan
294,295,sequential,-0.021110684,-0.001491939,0.018117535,-0.000327771,-0.001536017,0.000505351,0.999998639,0,nan
295,296,sequential,-0.024216723,0.000982143,0.021111384,0.001243345,-0.001208022,-0.001026350,0.999997971,0,nan
296,297,sequential,-0.021153067,-0.004543486,0.014689420,-0.001809612,-0.001578082,0.000173750,0.999997102,0,nan
297,298,sequential,-0.022569848,-0.004111891,0.019729731,0.000168422,-0.001683348,0.001436628,0.999997537,0,nan
298,299,sequential,-0.020386037,-0.003530483,0.017334516,-0.000309449,-0.001334131,-0.001051595,0.999998509,0,nan
299,300,sequential,-0.021607758,-0.004721265,0.017316884,0.000235553,-0.001270602,-0.001068988,0.999998594,0,nan
300,301,sequential,-0.016907206,-0.004513744,0.019406697,0.000718560,-0.001709514,-0.000709205,0.999998029,0,nan
301,302,sequential,-0.018900540,-0.007070397,0.018347269,0.003196307,-0.001401097,-0.000823351,0.999993571,0,nan
302,303,sequential,-0.021463758,-0.006962489,0.016334713,0.003365323,-0.000868679,-0.000491321,0.999993839,0,nan
303,304,sequential,-0.021788510,-0.007632619,0.015020279,0.002855473,-0.001000036,-0.001212038,0.999994689,0,nan
304,305,sequential,-0.021797550,-0.010654609,0.021349055,0.003427806,-0.001687622,-0.000743413,0.999992425,0,nan
305,306,sequential,-0.111126218,-0.077360829,0.063368892,0.008923134,-0.003929926,-0.001550037,0.999951264,0,nan
306,307,sequential,-0.022604179,-0.021403937,0.010406573,-0.000471740,-0.000450418,-0.000369268,0.999999719,0,nan
307,308,sequential,-0.016530150,-0.026384940,0.002042934,0.002133666,-0.000367776,0.000827829,0.999997313,0,nan
308,309,sequential,-0.112809554,-0.134296211,-0.022717356,0.014377123,-0.000699830,0.000669866,0.999896175,0,nan
309,310,sequential,-0.101067793,-0.077085880,-0.091750326,0.024320465,-0.001571103,-0.003202918,0.999697848,0,nan
310,311,sequential,-0.041155660,-0.001178974,-0.078480962,-0.002604340,-0.002651328,0.001666385,0.999991705,0,nan
311,312,sequential,-0.012169213,0.006065823,-0.029483342,-0.002296046,-0.001170084,-0.000556214,0.999996525,0,nan
312,313,sequential,-0.011490014,0.012334731,-0.037393328,-0.001494458,-0.001459101,0.001052398,0.999997265,0,nan
313,314,sequential,-0.085473951,0.081741940,-0.256281524,-0.032651514,0.000050478,0.001067617,0.999466226,0,nan
314,315,sequential,-0.121850647,0.071268097,-0.291722325,-0.056899820,-0.003974616,-0.006153001,0.998353020,0,nan
315,316,sequential,-0.151803660,0.085789516,-0.177094359,0.030376058,-0.027010914,-0.007693462,0.999143892,0,nan
316,317,sequential,-0.179884847,0.089474120,-0.122408156,0.005755070,-0.020472044,-0.002932964,0.999769560,0,nan
317,318,sequential,-0.154370136,0.082073633,-0.090115349,0.001965888,-0.021915470,0.044703746,0.998757940,0,nan
318,319,sequential,-0.016975497,0.006039755,-0.010586503,-0.000513253,0.000639475,-0.007915674,0.999968334,0,nan
319,320,sequential,-0.009488073,0.015821707,-0.015316877,0.001338677,0.000017063,-0.005413119,0.999984453,0,nan
320,321,sequential,-0.005623644,0.009888263,-0.012646828,-0.001063054,-0.000541759,-0.002982260,0.999994841,0,nan
321,322,sequential,-0.007145541,0.012270375,-0.011649696,-0.000656650,-0.000221380,-0.003366434,0.999994093,0,nan
322,323,sequential,-0.008601093,0.013152369,-0.011279259,0.000742695,0.002783365,-0.009962647,0.999946222,0,nan
323,324,sequential,-0.005212007,0.007332853,-0.013351842,-0.000140018,0.001955846,-0.008000787,0.999966071,0,nan
324,325,sequential,-0.000596364,0.004324776,-0.014733554,-0.000965256,0.000936861,-0.006128433,0.999980316,0,nan
325,326,sequential,-0.002731621,0.004039051,-0.010909258,-0.000685418,-0.000284214,-0.003022197,0.999995158,0,nan
326,327,sequential,-0.004040413,0.006117517,-0.013027733,-0.000498674,0.000139780,-0.001527762,0.999998699,0,nan
327,328,sequential,0.008192399,0.000872559,-0.030049428,0.002830395,-0.002160331,-0.001966921,0.999991726,0,nan
328,329,sequential,0.000655278,-0.010489623,-0.021184886,-0.002966484,-0.000533402,-0.001703939,0.999994006,0,nan
329,330,sequential,-0.011020123,-0.002134275,-0.007963289,-0.000807503,0.000213943,-0.001824911,0.999997986,0,nan
330,331,sequential,0.016273698,-0.006061884,-0.042283885,-0.001644832,-0.002479950,-0.000448786,0.999995471,0,nan
331,332,sequential,0.024502221,-0.018847150,-0.066502627,-0.001136962,-0.002830844,-0.002737730,0.999991599,0,nan
332,333,sequential,0.011606059,-0.013783661,-0.038493303,-0.001172297,-0.002261293,0.001133465,0.999996114,0,nan
333,334,sequential,-0.006069359,0.001079248,-0.008888536,-0.000135760,-0.001127294,0.000894051,0.999998956,0,nan
334,335,sequential,0.000442436,0.001214523,-0.015909670,0.000456124,-0.001879358,0.000472984,0.999998018,0,nan
335,336,sequential,-0.012880019,-0.002796025,-0.011189103,-0.000312643,-0.000753188,-0.000590621,0.999999493,0,nan
336,337,sequential,-0.008654371,0.001434025,-0.010965327,0.000122766,-0.001264692,-0.000025672,0.999999192,0,nan
337,338,sequential,-0.008242114,-0.001074713,-0.011409756,-0.000553536,-0.001453802,-0.000000372,0.999998790,0,nan
338,339,sequential,0.005777789,-0.000461351,0.005952775,-0.001192838,-0.002782380,0.002705339,0.999991758,0,nan
339,340,sequential,-0.006495221,0.003195409,-0.009949694,-0.000489604,-0.001663870,0.000234348,0.999998468,0,nan
340,341,sequential,-0.008871141,0.008437133,-0.002495902,0.000095221,-0.001252802,0.000334256,0.999999155,0,nan
341,342,sequential,-0.015336881,0.009938740,-0.000005082,-0.000316692,-0.000708791,-0.000900805,0.999999293,0,nan
342,343,sequential,-0.008309088,0.011461700,-0.006552726,0.000317890,-0.001888915,-0.000002201,0.999998165,0,nan
343,344,sequential,-0.012159289,0.011435584,0.002679345,-0.000151362,-0.001667726,0.000021778,0.999998598,0,nan
344,345,sequential,-0.007333328,0.013231299,-0.006229143,-0.000274369,-0.001761614,0.000166329,0.999998397,0,nan
345,346,sequential,-0.008888965,0.013109627,-0.005918458,-0.000706681,-0.001351599,-0.000060784,0.999998835,0,nan
346,347,sequential,-0.012669349,0.012586552,-0.000618301,-0.000431929,-0.001411454,-0.000268399,0.999998875,0,nan
347,348,sequential,-0.012481583,0.009162564,-0.003589727,-0.000259334,-0.001141374,0.000207820,0.999999293,0,nan
348,349,sequential,-0.013097372,0.010049260,-0.003045094,0.000438214,-0.001119844,-0.000061378,0.999999275,0,nan
349,350,sequential,-0.011887305,0.006852677,-0.005616802,-0.000635584,-0.001555671,0.001712845,0.999997121,0,nan
350,351,sequential,-0.013302803,0.005212332,-0.000224526,0.000763676,-0.005516696,0.016442041,0.999849310,0,nan
351,352,sequential,-0.016833820,0.001406747,-0.004709248,0.000029064,-0.004769739,0.014107724,0.999889104,0,nan
352,353,sequential,-0.008368031,-0.001482004,-0.008188493,-0.001218010,-0.002684079,0.005012007,0.999983096,0,nan
353,354,sequential,-0.009444928,0.009055167,0.003010693,0.002149483,-0.000053401,-0.001285285,0.999996862,0,nan
354,355,sequential,-0.005284420,-0.000818013,-0.006226382,0.000397943,0.001432246,-0.008129059,0.999965854,0,nan
355,356,sequential,0.001730320,-0.001724635,-0.004793844,-0.000741385,0.002478891,-0.009991370,0.999946738,0,nan
356,357,sequential,-0.000090441,-0.003875029,-0.008123622,-0.000408815,0.003710512,-0.007959096,0.999961358,0,nan
357,358,sequential,-0.003062502,-0.004084462,-0.004150295,0.002385048,0.003942568,-0.003881536,0.999981851,0,nan
358,359,sequential,0.001541427,-0.005870107,-0.005469188,-0.000910274,0.004490576,-0.002645505,0.999986004,0,nan
359,360,sequential,-0.003572890,-0.010014950,-0.006556901,-0.000580251,0.005667223,-0.000484355,0.999983656,0,nan
360,361,sequential,0.002280923,-0.009548389,-0.004837687,-0.000700737,0.005930125,0.000792723,0.999981857,0,nan
361,362,sequential,0.001545855,-0.010977718,-0.005880663,0.000092972,0.005949271,0.001036056,0.999981762,0,nan
362,363,sequential,-0.002207180,-0.013785457,-0.002313185,0.003384745,0.006319861,0.001862132,0.999972567,0,nan
363,364,sequential,-0.002107119,-0.031239669,-0.012115737,-0.001894021,0.010335526,0.012783912,0.999863071,0,nan
364,365,sequential,0.008511561,-0.039094543,-0.027454396,-0.001095283,0.012094266,-0.003487927,0.999920179,0,nan
365,366,sequential,-0.004192787,-0.020577754,0.000713064,-0.000482606,0.001201400,-0.001590259,0.999997897,0,nan
366,367,sequential,0.000110080,-0.017605955,-0.010252923,-0.000347627,-0.001319251,-0.000108545,0.999999063,0,nan
367,368,sequential,-0.000794975,-0.015049435,-0.003920585,-0.001026983,-0.001919359,-0.000014785,0.999997631,0,nan
171,368,loop,0.254275438,0.077737417,-0.596349902,0.000425372,-0.154546705,-0.039565546,0.987192840,34,1.343064463
368,369,sequential,-0.003802543,-0.015328908,-0.004947048,0.000965267,-0.001248673,-0.001110901,0.999998137,0,nan
369,370,sequential,-0.001100190,-0.021281657,-0.007005672,0.000123209,-0.001253322,-0.001147029,0.999998549,0,nan
370,371,sequential,0.000801552,-0.021347865,-0.017257235,0.000475170,0.001058152,0.000320485,0.999999276,0,nan
371,372,sequential,-0.001873789,-0.017834610,-0.005670234,0.000204451,0.002092159,-0.000076820,0.999997788,0,nan
372,373,sequential,-0.004092671,-0.033761496,-0.005344448,-0.000782743,0.009962579,0.003407000,0.999944262,0,nan
373,374,sequential,-0.012914675,-0.051215621,0.004768318,0.000445674,0.036470141,0.020065802,0.999133171,0,nan
374,375,sequential,-0.002350275,-0.001485499,0.005630090,-0.000485860,0.004975105,0.007616628,0.999958499,0,nan
375,376,sequential,-0.004363614,-0.003442338,-0.004740336,-0.000027554,0.000160604,0.009763586,0.999952322,0,nan
376,377,sequential,0.000333101,0.000694391,0.017667153,-0.000095566,0.000985715,0.004373016,0.999989948,0,nan
377,378,sequential,-0.001370561,-0.001808398,0.005444407,0.001070617,-0.002934218,0.015025158,0.999882237,0,nan
378,379,sequential,-0.006385955,0.004988816,0.036149685,-0.000334684,0.001398493,-0.002660912,0.999995426,0,nan
379,380,sequential,0.000023311,-0.003863962,0.026469365,0.002338556,0.001596851,-0.004118723,0.999987509,0,nan
380,381,sequential,0.012935399,0.013023606,0.009488951,0.001389328,-0.000532885,0.001252504,0.999998109,0,nan
331,381,loop,-0.243493730,-0.228250953,-0.261384574,0.002614036,0.078785322,0.062053425,0.994954980,41,1.253840448
381,382,sequential,0.015503412,-0.001185588,0.006698277,-0.001305990,0.002782519,-0.012561572,0.999916376,0,nan
382,383,sequential,0.024189765,-0.006559649,0.008514762,0.001096623,0.003035354,-0.014843161,0.999884626,0,nan
383,384,sequential,0.018540494,-0.004213469,0.006752914,0.000950057,-0.001093643,-0.004295889,0.999989723,0,nan
384,385,sequential,0.005602975,-0.007718637,-0.000278375,-0.000451487,0.000614048,-0.002335664,0.999996982,0,nan
385,386,sequential,-0.002415312,-0.008208630,0.010847189,-0.000406090,0.003620032,0.000330310,0.999993311,0,nan
386,387,sequential,0.035615585,-0.003935924,0.004127762,0.000697127,-0.004938749,-0.001763602,0.999986006,0,nan
387,388,sequential,-0.002879240,-0.016147023,-0.008472409,-0.001254794,0.002256752,0.000001540,0.999996666,0,nan
388,389,sequential,0.017414408,-0.001581953,0.013393028,-0.000201046,-0.000804105,-0.000862795,0.999999284,0,nan
389,390,sequential,0.007159815,-0.010008008,0.001500099,-0.000233688,0.000499943,-0.000695903,0.999999606,0,nan
390,391,sequential,0.007884181,-0.006147917,0.005810129,0.000693443,0.000533023,-0.000754617,0.999999333,0,nan
391,392,sequential,0.006452818,-0.006293486,0.000209083,0.001663017,0.000769140,-0.000045273,0.999998320,0,nan
392,393,sequential,0.017746254,-0.004589053,0.014418687,0.006758469,-0.000018627,0.001089972,0.999976567,0,nan
393,394,sequential,0.006089645,0.001232527,0.014323354,0.002615554,0.000312977,0.000789773,0.999996219,0,nan
394,395,sequential,0.012146863,-0.004296377,-0.009966908,-0.000707945,0.000851227,0.000870913,0.999999008,0,nan
395,396,sequential,0.013500663,0.001220130,0.011304277,-0.003050087,-0.000672335,0.000403273,0.999995041,0,nan
396,397,sequential,0.006353807,0.001810901,0.010156021,-0.000063589,0.000088245,0.002358413,0.999997213,0,nan
397,398,sequential,0.006882452,0.002544111,0.024107897,0.000782168,-0.001978552,0.009321419,0.999954291,0,nan
398,399,sequential,0.008931586,0.005262873,0.015559573,-0.000637755,-0.000632241,0.000641354,0.999999391,0,nan
399,400,sequential,0.003087488,0.000214227,0.000629039,-0.000264698,0.001397542,-0.002035374,0.999996917,0,nan
400,401,sequential,0.005531362,0.002781600,0.008927096,-0.000279217,0.000277568,-0.001192923,0.999999211,0,nan
401,402,sequential,0.013461330,0.007744264,0.002951156,0.000594485,-0.001789020,0.003611355,0.999991702,0,nan
402,403,sequential,0.008635723,0.001502020,0.009426091,-0.000283247,-0.000178795,-0.000135644,0.999999935,0,nan
403,404,sequential,-0.000532760,0.001266272,0.026642417,0.000263838,-0.000007594,0.002117851,0.999997723,0,nan
404,405,sequential,0.020650774,0.015407663,0.006423358,0.002208476,-0.001844250,0.004640764,0.999985092,0,nan
405,406,sequential,-0.001297556,-0.001786856,0.010729833,0.000978507,0.000954307,-0.001909475,0.999997243,0,nan
406,407,sequential,0.014607580,0.009988248,0.001893118,-0.002407972,0.001419095,-0.007091933,0.999970946,0,nan
407,408,sequential,0.031035804,0.024978083,0.007081847,-0.003504691,0.000090225,-0.007999695,0.999961856,0,nan
408,409,sequential,0.013766899,0.016954593,0.004270570,-0.002908505,-0.000283024,-0.004090506,0.999987364,0,nan
409,410,sequential,0.014628479,0.008539871,0.003175447,-0.001560792,-0.001123649,-0.001972976,0.999996204,0,nan
410,411,sequential,0.020091233,0.010130633,0.008965156,-0.001149370,-0.001624172,-0.001187242,0.999997316,0,nan
411,412,sequential,0.004593913,-0.001141626,-0.018064385,-0.001144787,-0.000116391,0.000099827,0.999999333,0,nan
412,413,sequential,0.011848998,-0.001831493,-0.013172674,-0.002012585,-0.000705833,-0.001165998,0.999997046,0,nan
413,414,sequential,0.019131044,0.009017161,0.008539316,0.000052483,-0.001826009,-0.001881315,0.999996562,0,nan
414,415,sequential,0.011220521,0.002978170,0.011232334,0.000412236,0.000919199,-0.003893191,0.999991914,0,nan
415,416,sequential,0.011758605,0.000513462,0.000994666,0.000009935,0.001952372,-0.008036185,0.999965803,0,nan
416,417,sequential,0.013204390,-0.000279622,0.000872998,0.002505403,0.002483997,-0.011476828,0.999927915,0,nan
417,418,sequential,0.009321848,-0.007990634,-0.002016044,0.020523413,0.008261776,-0.032388046,0.999230477,0,nan
418,419,sequential,-0.003002258,-0.006482744,-0.009985170,0.006302722,0.001020914,-0.004251526,0.999970579,0,nan
419,420,sequential,-0.034952951,-0.014517852,-0.013080506,-0.000348076,0.004161240,-0.002457954,0.999988261,0,nan
420,421,sequential,-0.008725901,0.000953176,0.005604917,-0.001726310,0.000412191,-0.001111788,0.999997807,0,nan
421,422,sequential,-0.016632643,0.000552825,-0.003719348,-0.004136405,-0.000762286,0.002240212,0.999988645,0,nan
422,423,sequential,-0.147752900,0.036418284,-0.046416542,-0.024906562,-0.018631135,0.056475906,0.997919343,0,nan
423,424,sequential,-0.151496610,0.055991255,-0.015062469,-0.000109146,-0.003530619,0.008401064,0.999958472,0,nan
321,424,loop,-0.167909989,0.050575451,-0.300230691,-0.000379757,0.071533092,-0.010303491,0.997384936,49,1.546015800
424,425,sequential,-0.048379398,0.015748180,-0.004869311,-0.000771974,-0.000672325,0.001227403,0.999998723,0,nan
425,426,sequential,-0.025771833,0.010493546,-0.001423806,0.001233629,-0.000165346,-0.001358048,0.999998303,0,nan
426,427,sequential,-0.033856867,0.011741605,-0.003524624,-0.000429881,0.000809470,0.000104641,0.999999575,0,nan
427,428,sequential,-0.026878986,0.009959858,0.001349052,-0.000495227,-0.000389345,0.000078070,0.999999799,0,nan
428,429,sequential,-0.025476603,0.007928322,-0.003918440,-0.000483521,-0.000335807,-0.000125266,0.999999819,0,nan
429,430,sequential,-0.027379210,0.008135307,-0.002854758,-0.000388516,-0.000471892,-0.000561211,0.999999656,0,nan
430,431,sequential,-0.028671250,0.008069309,0.000620717,-0.000118942,-0.001613972,-0.000315808,0.999998641,0,nan
431,432,sequential,-0.031946031,0.008602652,-0.000380972,-0.000413114,-0.001234022,-0.000478312,0.999999039,0,nan
432,433,sequential,-0.036183677,0.010097808,0.001837343,0.000111018,-0.000513628,-0.000891783,0.999999464,0,nan
433,434,sequential,-0.035968313,0.007239575,-0.002782401,-0.000716142,-0.001204443,-0.001726990,0.999997527,0,nan
369,434,loop,-0.192708552,0.153960102,0.098954153,-0.000141200,0.035910942,0.012031878,0.999282552,42,1.663373189
434,435,sequential,-0.056257175,0.010202462,0.002496143,0.001142692,-0.001775948,0.000634556,0.999997569,0,nan
435,436,sequential,-0.025921071,0.003229396,0.002013950,0.001201064,-0.001027983,0.000321168,0.999998699,0,nan
436,437,sequential,-0.028995199,0.003483763,0.001551985,-0.001367208,-0.000357038,-0.000216359,0.999998978,0,nan
437,438,sequential,-0.027966544,0.004918152,0.002378606,0.000641670,-0.000347018,-0.000074560,0.999999731,0,nan
438,439,sequential,-0.024495579,0.002044311,0.000001311,0.000112984,-0.001207668,0.000204057,0.999999244,0,nan
439,440,sequential,-0.025226286,0.001274015,0.002692272,-0.000621609,-0.000771901,0.000116412,0.999999502,0,nan
440,441,sequential,-0.029304826,0.003214634,0.003257472,-0.000160582,-0.000009701,-0.000353831,0.999999924,0,nan
441,442,sequential,-0.024962914,0.000666988,0.001321067,-0.000300050,-0.001351071,-0.000076858,0.999999039,0,nan
442,443,sequential,-0.028383008,0.003118890,0.009204949,0.000224804,-0.000790142,0.000123630,0.999999655,0,nan
443,444,sequential,-0.023306950,-0.001005740,-0.001464933,-0.000748263,-0.000843297,-0.000831582,0.999999019,0,nan
444,445,sequential,-0.032305633,0.001373310,0.007299911,0.002992787,-0.002703329,0.010684305,0.999934788,0,nan
445,446,sequential,-0.027281486,-0.002834617,0.001822085,0.000771408,-0.006739832,0.021066806,0.999755055,0,nan
446,447,sequential,-0.023088434,0.006571755,0.018011452,-0.001584331,-0.000052993,-0.006979345,0.999974388,0,nan
447,448,sequential,-0.022225462,0.002497998,0.003709159,-0.000150793,0.002562934,-0.011488186,0.999930713,0,nan
448,449,sequential,-0.019236833,0.002371162,0.003825412,0.000237310,0.001258010,-0.007614068,0.999970193,0,nan
449,450,sequential,-0.019969030,0.001051947,0.005541452,0.000840211,0.000888018,-0.003895431,0.999991666,0,nan
450,451,sequential,-0.019817855,-0.002295366,0.004373857,-0.000190993,0.000847756,-0.003224201,0.999994425,0,nan
451,452,sequential,-0.019060962,-0.000459873,0.004746722,-0.000242216,0.000179793,-0.001613807,0.999998652,0,nan
452,453,sequential,-0.019092612,-0.000658996,0.001968416,0.000502111,-0.000280814,-0.000528743,0.999999695,0,nan
453,454,sequential,-0.019749260,-0.002159461,0.006599717,0.000721227,-0.000300010,0.000070728,0.999999692,0,nan
454,455,sequential,-0.019228649,-0.000568952,0.006348454,-0.000228018,-0.000091507,-0.001467707,0.999998893,0,nan
455,456,sequential,-0.016718063,-0.000346291,0.006486961,-0.001180233,-0.000944655,0.001116325,0.999998234,0,nan
456,457,sequential,-0.018272898,-0.002525003,0.005643309,-0.000127673,-0.000802079,0.000284897,0.999999630,0,nan
457,458,sequential,-0.018858014,-0.002042262,0.004289246,-0.000878732,-0.000596345,0.000214592,0.999999413,0,nan
458,459,sequential,-0.018567519,-0.000212064,0.007656552,0.001326376,-0.000632618,-0.000830007,0.999998576,0,nan
459,460,sequential,-0.019551194,-0.002443335,0.003834364,-0.000178218,-0.000413866,-0.000782964,0.999999592,0,nan
460,461,sequential,-0.018361320,-0.001568014,0.007311842,0.000597264,-0.000772523,-0.000811360,0.999999194,0,nan
461,462,sequential,-0.017033970,-0.002257801,0.007639923,0.000379404,-0.000975202,0.000301249,0.999999407,0,nan
462,463,sequential,-0.019192271,-0.003132532,0.005482302,0.000175225,-0.000632719,0.000172024,0.999999770,0,nan
463,464,sequential,-0.018728984,-0.003628321,0.006960345,-0.000037539,-0.000541036,-0.001237506,0.999999087,0,nan
464,465,sequential,-0.016517297,-0.000006462,0.008617029,0.000499581,-0.000880191,0.000572416,0.999999324,0,nan
465,466,sequential,-0.020064671,-0.003227814,0.005786368,0.000950382,-0.000331700,-0.001406214,0.999998505,0,nan
466,467,sequential,-0.017798632,0.000388667,0.007155883,-0.000054243,-0.000484302,0.000035944,0.999999881,0,nan
467,468,sequential,-0.017448041,0.001084130,0.009967550,-0.000934294,-0.000706997,0.000077679,0.999999311,0,nan
468,469,sequential,-0.021229939,0.000097360,0.004386238,-0.000331723,-0.000577034,-0.000511869,0.999999647,0,nan
469,470,sequential,-0.014983679,0.003041706,0.014889997,-0.000142856,-0.000609317,0.000213938,0.999999781,0,nan
470,471,sequential,-0.020118556,-0.000217345,0.004679252,-0.000667211,0.000027062,-0.000383291,0.999999704,0,nan
471,472,sequential,-0.016957801,0.002781922,0.011646661,0.000141077,-0.000764258,-0.000373147,0.999999628,0,nan
472,473,sequential,-0.019061916,0.002268751,0.010336387,-0.000360864,-0.000895771,-0.000549153,0.999999383,0,nan
473,474,sequential,-0.019119158,0.003860484,0.010299848,0.001817246,-0.000551178,-0.001140699,0.999997546,0,nan
474,475,sequential,-0.018568071,0.001921806,0.012393187,0.001919044,-0.000592139,-0.000909550,0.999997570,0,nan
475,476,sequential,-0.018779129,0.003648138,0.010638540,0.003440228,-0.000869761,0.000837620,0.999993353,0,nan
476,477,sequential,-0.019596192,0.002496349,0.009049646,0.008632588,-0.001055760,-0.000273867,0.999962144,0,nan
477,478,sequential,-0.021858377,0.005634447,0.015837036,0.011926872,-0.000828179,0.000461786,0.999928423,0,nan
478,479,sequential,-0.026632364,0.011295241,0.011232883,0.005554684,0.000074625,0.000127076,0.999984562,0,nan
479,480,sequential,-0.020371555,0.012886098,0.005626145,-0.002070016,0.001212799,-0.000530363,0.999996981,0,nan
480,481,sequential,-0.018283696,0.012148318,0.004423941,-0.008231534,0.000483184,0.000590191,0.999965829,0,nan
481,482,sequential,-0.028215579,0.017893587,0.001325735,-0.011355450,0.001738855,0.000124768,0.999934005,0,nan
482,483,sequential,-0.019735483,0.014102072,0.005410389,-0.004688592,0.000723628,-0.000657639,0.999988530,0,nan
483,484,sequential,-0.021712124,0.014371073,0.009008298,-0.003185418,0.000207199,0.002634707,0.999991434,0,nan
484,485,sequential,-0.027937510,0.014621725,-0.005417952,0.006438450,0.001895466,-0.001234223,0.999976715,0,nan
485,486,sequential,-0.014102354,0.016261737,0.010782785,0.000148090,-0.000300846,0.002396924,0.999997071,0,nan
486,487,sequential,-0.019380012,0.014874734,0.004193892,-0.004656678,0.000958016,0.000709570,0.999988447,0,nan
487,488,sequential,-0.020918274,0.015227566,0.000523970,-0.000204648,0.001283553,-0.000408291,0.999999072,0,nan
488,489,sequential,-0.012455717,0.010407805,0.005746847,-0.000571078,-0.000444008,0.001150561,0.999999076,0,nan
489,490,sequential,-0.018307982,0.013851968,0.003573525,-0.002231702,0.000530354,0.000019369,0.999997369,0,nan
490,491,sequential,-0.018864226,0.013901645,0.006151590,-0.000769479,0.000501075,-0.000274967,0.999999541,0,nan
491,492,sequential,-0.019500152,0.011965139,0.002097259,-0.000340735,0.000170851,-0.000006794,0.999999927,0,nan
492,493,sequential,-0.021230210,0.013770525,0.002391545,0.000930644,0.000223381,-0.000390220,0.999999466,0,nan
493,494,sequential,-0.020401950,0.009484255,0.005667432,0.003508748,0.000185885,0.000087081,0.999993823,0,nan
494,495,sequential,-0.022819203,0.011945697,0.000788835,0.002147750,-0.000127674,0.003431243,0.999991799,0,nan
495,496,sequential,-0.024793218,0.011005867,0.003685087,-0.001885209,-0.005647703,0.024470727,0.999682816,0,nan
496,497,sequential,-0.027173674,0.017745935,0.007670079,-0.002251367,-0.001225615,0.008076549,0.999964099,0,nan
497,498,sequential,-0.016321976,0.005609636,-0.003336698,-0.000883598,0.004405206,-0.013323768,0.999901140,0,nan
498,499,sequential,-0.010113598,0.007204411,-0.000015524,-0.001004697,0.002949923,-0.009049948,0.999954192,0,nan
499,500,sequential,-0.008274411,0.009906759,0.004394430,-0.000386648,0.001892959,-0.004751981,0.999986843,0,nan
500,501,sequential,-0.006347954,0.022312004,0.008506446,0.001994669,0.000730271,-0.000305054,0.999997697,0,nan
501,502,sequential,-0.016193684,0.004080214,0.005167047,-0.000658282,0.002121173,-0.002640842,0.999994047,0,nan
502,503,sequential,-0.010024618,0.016265725,0.004001723,0.005594256,0.000071268,0.000487058,0.999984231,0,nan
503,504,sequential,-0.011713136,-0.002808315,0.003633674,0.023469531,0.000419960,-0.001569349,0.999723233,0,nan
504,505,sequential,-0.025137321,0.004617052,0.000013491,0.033339838,-0.001904763,0.000084962,0.999442254,0,nan
505,506,sequential,-0.011920045,0.001601640,-0.008686551,0.000581433,-0.000619338,-0.001395475,0.999998666,0,nan
506,507,sequential,-0.006225547,0.011797404,-0.010749645,0.000936621,-0.001310509,0.001108058,0.999998089,0,nan
507,508,sequential,-0.009513725,0.005393439,-0.017335113,-0.007848317,-0.001482795,0.000757606,0.999967815,0,nan
508,509,sequential,-0.067835882,0.037644148,-0.143480681,-0.053409192,0.002489473,0.003776817,0.998562465,0,nan
509,510,sequential,-0.044630560,0.015092967,-0.108505368,-0.004135269,0.022122628,0.002370847,0.999743901,0,nan
510,511,sequential,-0.051905474,-0.005763607,-0.110020126,-0.000107985,0.039543226,0.009868935,0.999169118,0,nan
511,512,sequential,-0.017746741,-0.009391879,-0.046218611,0.001306689,0.015429727,0.008171509,0.999846710,0,nan
512,513,sequential,-0.004324883,-0.000712398,-0.012631081,-0.000062091,0.002462998,0.003946187,0.999989179,0,nan
513,514,sequential,-0.009264241,-0.000831521,-0.015466008,-0.000112441,0.002199315,0.004101330,0.999989165,0,nan
514,515,sequential,-0.008234401,0.002421730,-0.013978234,0.001068952,0.001218421,0.005460792,0.999983776,0,nan
515,516,sequential,-0.004915052,0.003540124,-0.010396419,0.000239755,0.001388672,0.006656327,0.999976853,0,nan
516,517,sequential,-0.001545405,0.009385244,-0.006082628,-0.001393209,0.001116707,0.006713436,0.999975871,0,nan
517,518,sequential,0.011685229,0.072706507,-0.020197670,0.000030077,0.011858357,0.018188819,0.999764245,0,nan
518,519,sequential,0.119269516,0.124357481,0.003821587,0.003470236,0.028562912,-0.011230233,0.999522886,0,nan
519,520,sequential,0.102375093,0.079291196,0.009036326,0.000798533,0.015512310,-0.018645990,0.999705485,0,nan
520,521,sequential,0.050509310,0.035694370,0.006771811,-0.000033519,0.003401952,-0.000315104,0.999994163,0,nan
521,522,sequential,0.026104286,0.017110799,0.004564595,-0.000395765,0.001684196,0.000312921,0.999998454,0,nan
522,523,sequential,0.025012668,0.022653014,0.000293212,0.000189883,0.002111943,0.000315932,0.999997702,0,nan
523,524,sequential,0.021323982,0.019048177,0.002943903,-0.000200369,0.002566516,-0.000145858,0.999996676,0,nan
524,525,sequential,0.026832136,0.021165829,0.010511250,0.000662288,0.001604644,0.000629673,0.999998295,0,nan
525,526,sequential,0.024696582,0.014092841,0.002750857,-0.000659759,0.001790171,0.001787706,0.999996582,0,nan
526,527,sequential,0.022154742,0.016005599,0.003974723,0.000723324,0.002312456,-0.000137147,0.999997055,0,nan
527,528,sequential,0.024922435,0.015255875,0.004611367,-0.000621839,0.001831219,0.000543463,0.999997982,0,nan
528,529,sequential,0.020375042,0.009189682,0.005569416,-0.000630267,0.002327073,0.000441039,0.999996996,0,nan
529,530,sequential,0.022395961,0.008575397,-0.004140021,0.000424366,0.001258849,0.001428202,0.999998098,0,nan
530,531,sequential,0.019235001,0.002640265,0.002418250,0.013033984,0.001185777,0.000831673,0.999914005,0,nan
531,532,sequential,0.021164227,0.005681182,0.006869002,0.020917877,0.000918888,0.000219709,0.999780751,0,nan
532,533,sequential,0.042683271,0.015872590,0.001826144,0.012121785,0.000929904,0.001508222,0.999924959,0,nan
533,534,sequential,0.020146437,0.004552122,-0.007491966,-0.001789642,-0.000048252,0.000152702,0.999998386,0,nan
534,535,sequential,0.047851430,0.019321317,-0.027907530,-0.004341771,-0.000543682,0.001052162,0.999989873,0,nan
535,536,sequential,0.074068570,0.032985617,-0.080140868,-0.036798557,0.000438065,-0.001749093,0.999321077,0,nan
536,537,sequential,0.035878460,0.019734616,-0.047332104,-0.005802645,0.000425286,-0.002024762,0.999981024,0,nan
537,538,sequential,0.020116710,0.004922591,-0.021183342,-0.002233388,-0.001039733,0.000534810,0.999996822,0,nan
538,539,sequential,0.019634976,0.009795838,-0.012867150,-0.000943456,-0.001070667,-0.000180288,0.999998966,0,nan
539,540,sequential,0.020068564,0.007286851,-0.019239410,-0.001566469,-0.001348549,-0.000232327,0.999997837,0,nan
540,541,sequential,0.014196611,0.009879435,-0.019838316,-0.000878688,-0.000046220,0.000446081,0.999999513,0,nan
541,542,sequential,0.021394680,0.003802385,-0.020531557,-0.000698538,-0.001332789,-0.000646314,0.999998659,0,nan
542,543,sequential,-0.005914623,-0.010388185,-0.060654735,-0.003918808,0.004307752,-0.002868569,0.999978929,0,nan
543,544,sequential,0.013180424,0.008485897,-0.014549683,-0.000436523,-0.000200519,0.000200130,0.999999865,0,nan
544,545,sequential,-0.011947650,-0.014144217,-0.035311640,-0.004375307,0.004916864,-0.001133379,0.999977698,0,nan
545,546,sequential,-0.034618203,-0.000841745,-0.034891940,-0.003879071,0.006463677,-0.002046437,0.999969492,0,nan
546,547,sequential,-0.007317609,-0.006593778,-0.025099972,-0.003701482,0.005185949,-0.003005354,0.999975186,0,nan
547,548,sequential,-0.004970821,-0.016041955,-0.047547051,-0.004824976,0.005541710,-0.002532076,0.999969798,0,nan
548,549,sequential,-0.010302046,-0.014612873,-0.042675679,-0.005193227,0.006085986,-0.002253896,0.999965455,0,nan
549,550,sequential,-0.003023117,-0.011366988,-0.038206904,-0.003162331,0.007226751,-0.007660518,0.999939543,0,nan
550,551,sequential,-0.011918037,-0.007778408,-0.050607370,0.001703477,0.009147395,-0.007636197,0.999927553,0,nan
551,552,sequential,-0.004122740,-0.008135364,-0.067440553,0.004195236,0.008468140,-0.007956726,0.999923688,0,nan
552,553,sequential,-0.012919728,-0.028837146,0.008275892,0.000236413,0.007674356,-0.005985407,0.999952611,0,nan
553,554,sequential,0.002801432,-0.017601211,-0.015379417,-0.001631670,0.004722816,-0.003044862,0.999982881,0,nan
554,555,sequential,0.003748770,-0.016285267,-0.033033541,-0.004916243,0.002959860,0.000288978,0.999983493,0,nan
555,556,sequential,0.014125918,-0.009832848,-0.040965534,-0.009228903,-0.000235915,0.005446174,0.999942554,0,nan
556,557,sequential,0.015305634,-0.011031071,-0.050606552,-0.010912395,0.001411803,0.005962914,0.999921682,0,nan
557,558,sequential,0.013663849,-0.008341384,-0.038998609,-0.007357108,0.001658203,0.002150192,0.999969250,0,nan
558,559,sequential,0.012297966,-0.007350223,-0.039117633,-0.005916898,0.002430035,0.003427970,0.999973667,0,nan
559,560,sequential,0.013194112,-0.009115362,-0.043658713,-0.004986396,0.002378893,0.003605125,0.999978240,0,nan
560,561,sequential,0.014944536,-0.007804403,-0.040637371,-0.003487365,0.002161473,-0.000147410,0.999991572,0,nan
561,562,sequential,0.023723498,-0.003012062,-0.056150111,-0.003272983,0.001626685,-0.000653521,0.999993107,0,nan
79,562,loop,-0.050113915,0.118783534,0.325928691,0.020928139,-0.100432037,-0.058659458,0.992992692,30,1.706613982
562,563,sequential,0.003595225,0.005121885,-0.014375163,-0.000000556,0.002291668,0.002331213,0.999994657,0,nan
563,564,sequential,0.004431937,0.006174202,-0.014462276,-0.000308284,0.002753603,0.000730596,0.999995894,0,nan
564,565,sequential,0.003324322,0.002045477,-0.014302747,-0.000286174,0.002827578,0.000937332,0.999995522,0,nan
565,566,sequential,0.004216790,0.004198160,-0.014430720,-0.000053620,0.002677412,0.000967869,0.999995946,0,nan
566,567,sequential,0.004638200,0.003192020,-0.014118330,-0.000324393,0.002529725,0.000980338,0.999996267,0,nan
567,568,sequential,0.005281740,0.002727434,-0.013361225,-0.001302987,0.002698603,-0.000056560,0.999995508,0,nan
568,569,sequential,0.006144587,0.004407688,-0.012953545,0.000121746,0.002483708,0.000055655,0.999996907,0,nan
569,570,sequential,0.012421658,-0.009115507,-0.026283970,-0.001752164,0.002132221,-0.001802726,0.999994567,0,nan
570,571,sequential,-0.002774196,0.016508362,0.001505312,0.000734293,0.002415644,0.002921540,0.999992545,0,nan
571,572,sequential,0.009350875,-0.028137018,-0.028329209,-0.006253732,0.002699205,-0.004544790,0.999966474,0,nan
572,573,sequential,0.005430989,0.003795405,-0.011224030,0.002234840,0.001315753,0.002020741,0.999994595,0,nan
573,574,sequential,0.009032158,0.005091412,-0.008164636,0.001164649,0.001067640,-0.000594252,0.999998575,0,nan
574,575,sequential,0.005216329,0.005228986,-0.006209882,0.001844730,0.000669549,0.000571024,0.999997911,0,nan
575,576,sequential,0.005776672,-0.000212648,-0.008416035,0.004080874,0.000390041,-0.000799075,0.999991278,0,nan
576,577,sequential,0.005320607,0.006679041,-0.004321534,0.004220605,0.000429586,-0.000092442,0.999990997,0,nan
577,578,sequential,-0.006752500,-0.002160408,-0.014603440,-0.004072948,0.003922750,-0.011972724,0.999912335,0,nan
80,578,loop,0.053117515,0.233837580,0.210677376,0.037451075,-0.071449355,-0.045468592,0.995703276,21,1.278310606
578,579,sequential,0.011243614,-0.025764775,-0.049746467,-0.005824426,0.000551226,-0.003837835,0.999975521,0,nan
579,580,sequential,-0.007862646,-0.018405751,-0.021797122,-0.003678760,0.002851190,-0.002771939,0.999985327,0,nan
580,581,sequential,-0.002238562,0.007597137,-0.014177217,-0.003875160,0.002647688,-0.005868000,0.999971769,0,nan
581,582,sequential,-0.009171713,-0.017622209,-0.011556353,-0.007608780,0.004170924,-0.004549831,0.999952003,0,nan
582,583,sequential,0.002352653,-0.000179992,-0.008081199,-0.008152713,0.005123405,-0.000397508,0.999953562,0,nan
583,584,sequential,-0.000068947,0.001600508,-0.008402306,-0.008901628,0.005924352,-0.004293434,0.999933613,0,nan
584,585,sequential,-0.002888846,-0.011386761,-0.010939034,-0.007605864,0.006944240,-0.007267006,0.999920556,0,nan
585,586,sequential,-0.005209904,-0.012993415,-0.017690153,-0.006297553,0.007059516,-0.005490769,0.999940176,0,nan
586,587,sequential,0.016615806,0.005651065,-0.038001224,-0.010988126,0.005331391,-0.002191991,0.999923013,0,nan
587,588,sequential,-0.008165148,-0.038157847,-0.035222333,-0.014987785,0.005707194,-0.001339953,0.999870491,0,nan
588,589,sequential,0.002177890,-0.049198177,-0.038500838,-0.013901044,0.004206360,-0.005664536,0.999878483,0,nan
589,590,sequential,0.026391852,-0.064300738,-0.039341169,-0.021515919,-0.001608150,0.004975597,0.999754831,0,nan
590,591,sequential,-0.007121074,0.012437695,-0.073577771,-0.015774039,0.002377075,-0.002256865,0.999870209,0,nan
591,592,sequential,-0.009996582,-0.010939615,-0.047157926,-0.011668054,0.003604987,-0.000876328,0.999925044,0,nan
592,593,sequential,-0.021853671,0.023516896,-0.055618030,-0.008561228,0.005208840,-0.004562340,0.999939377,0,nan
593,594,sequential,-0.013962488,0.003042480,-0.058231064,-0.008112234,0.005305519,-0.005995718,0.999935045,0,nan
594,595,sequential,-0.006424626,-0.033894841,-0.061721392,-0.011176481,0.003646269,-0.005223066,0.999917252,0,nan
595,596,sequential,-0.002605319,-0.011377943,-0.053820475,-0.011259335,0.003696621,-0.001798019,0.999928162,0,nan
596,597,sequential,-0.001523945,-0.004542336,-0.037823423,-0.009675498,0.005351799,-0.009616983,0.999892623,0,nan
597,598,sequential,0.020306815,0.005386678,-0.032400973,-0.007619934,0.004072470,-0.012120553,0.999889216,0,nan
598,599,sequential,0.001566029,-0.023784656,-0.054411769,-0.013077350,0.003235461,-0.001701453,0.999907806,0,nan
599,600,sequential,0.004145139,-0.005152795,-0.032723669,-0.011099587,-0.000789513,0.012066266,0.999865281,0,nan
600,601,sequential,-0.015799655,0.020357779,-0.068958745,-0.005392324,0.002620961,-0.004511827,0.999971848,0,nan
601,602,sequential,-0.015518213,0.037918029,-0.090865418,-0.007500020,0.004384304,-0.007564763,0.999933649,0,nan
602,603,sequential,-0.000299171,0.005297776,-0.059423541,-0.009228894,0.005104469,-0.008821430,0.999905473,0,nan
603,604,sequential,0.001944002,0.009696207,-0.098630666,-0.007322222,0.002525266,-0.006040368,0.999951760,0,nan
604,605,sequential,-0.007877088,-0.006012643,-0.045265928,0.000924175,0.006860798,-0.011947231,0.999904665,0,nan
605,606,sequential,0.011283821,0.013651308,-0.033675446,0.009448657,0.005989165,-0.012492216,0.999859389,0,nan
606,607,sequential,-0.004356973,-0.000606848,-0.004653668,-0.002039446,0.001780679,0.006643304,0.999974268,0,nan
607,608,sequential,-0.000844107,-0.005227307,-0.004311432,-0.004663761,-0.000566847,0.010550215,0.999933308,0,nan
608,609,sequential,0.006215901,-0.003237461,0.012845449,-0.002904447,0.000040711,0.000314474,0.999995732,0,nan
609,610,sequential,-0.030143929,0.002153480,-0.049590629,-0.003660680,0.000811174,0.002774662,0.999989121,0,nan
610,611,sequential,0.008782184,-0.009041919,-0.016192878,0.000117965,-0.004261814,0.007922522,0.999959528,0,nan
611,612,sequential,0.011008895,-0.015342964,-0.022989684,0.001741938,-0.005005605,0.007838515,0.999955233,0,nan
612,613,sequential,0.004148482,-0.023996859,-0.080598671,0.003814048,-0.007671111,0.009316849,0.999919898,0,nan
613,614,sequential,0.004862024,-0.002972982,-0.062347308,0.001256060,-0.005997491,0.004647965,0.999970424,0,nan
614,615,sequential,0.017296381,-0.010548420,-0.043269856,0.005197651,-0.015266264,0.034505269,0.999274393,0,nan
615,616,sequential,0.079104540,-0.009531889,-0.062983881,0.000480499,-0.024046557,0.045754152,0.998663151,0,nan
616,617,sequential,0.025575422,-0.018764880,-0.062672225,-0.004215538,-0.001378829,-0.008677284,0.999952515,0,nan
617,618,sequential,-0.015916380,-0.045672522,-0.021662243,-0.007101574,0.007965243,-0.021938412,0.999702370,0,nan
618,619,sequential,0.006361915,-0.048980748,-0.044968673,-0.005871585,0.006467739,-0.024047595,0.999672649,0,nan
619,620,sequential,0.039605813,-0.032623785,-0.074557780,-0.002419481,0.003950999,-0.018901752,0.999810612,0,nan
620,621,sequential,-0.004083581,-0.011128796,-0.017065402,-0.004011639,0.006272834,-0.007939701,0.999940758,0,nan
621,622,sequential,-0.000076131,-0.004664459,-0.009688736,-0.001634737,0.004457611,-0.004575342,0.999978262,0,nan
622,623,sequential,0.028617078,-0.002085586,-0.044778675,-0.002500425,0.005624833,-0.004745622,0.999969794,0,nan
623,624,sequential,-0.000415939,0.003949572,-0.022224553,0.000948781,0.003363140,-0.002820004,0.999989918,0,nan
624,625,sequential,-0.009158196,0.008417016,-0.012763115,0.001351004,0.004511242,-0.004035896,0.999980767,0,nan
625,626,sequential,0.008988247,-0.002448568,-0.024324457,-0.001398287,0.005890864,-0.007458162,0.999953858,0,nan
626,627,sequential,-0.046832689,-0.014342926,0.008899965,-0.000047918,0.011028326,-0.016378814,0.999805035,0,nan
627,628,sequential,0.006642774,-0.005306896,0.025095188,-0.000184117,0.003130013,-0.002948606,0.999990737,0,nan
628,629,sequential,-0.018441176,-0.008340612,-0.004244712,-0.003564981,0.001439069,0.004161726,0.999983950,0,nan
629,630,sequential,0.001374535,-0.017391331,-0.018952740,-0.003168478,-0.000230843,0.006665329,0.999972740,0,nan
630,631,sequential,-0.028069270,-0.020029130,-0.060958623,-0.007624625,0.002335244,0.004734328,0.999956998,0,nan
631,632,sequential,0.008005445,-0.025892770,-0.033444508,-0.012484317,0.002391698,-0.003358167,0.999913568,0,nan
632,633,sequential,0.007750894,0.050611160,0.075081809,-0.009738372,0.001288269,-0.001669208,0.999950358,0,nan
633,634,sequential,0.002145027,0.047774167,0.069981870,-0.013451700,0.004056437,-0.014703172,0.999793186,0,nan
634,635,sequential,-0.003112194,0.025583233,0.071451667,-0.020286754,-0.001023893,-0.008244625,0.999759684,0,nan
635,636,sequential,-0.010573454,0.008615512,0.023126298,-0.019846386,-0.004934299,0.005297123,0.999776832,0,nan
636,637,sequential,-0.009586325,-0.001463399,0.000745883,0.001097252,0.001756297,0.000343790,0.999997797,0,nan
637,638,sequential,0.003982502,-0.012211242,0.001089286,0.001406734,0.000894427,0.002213373,0.999996161,0,nan
638,639,sequential,-0.002430997,-0.005736183,0.056379694,0.004342130,-0.002035476,0.003343677,0.999982911,0,nan
639,640,sequential,0.003021378,0.011113779,0.023510504,0.002041742,-0.003852334,-0.001270933,0.999989688,0,nan
640,641,sequential,0.000691201,-0.001172139,0.006487239,-0.000486396,-0.004363297,-0.004065135,0.999982100,0,nan
641,642,sequential,-0.001014746,0.000873998,0.003458354,-0.000338077,-0.005790462,-0.006996548,0.999958701,0,nan
642,643,sequential,-0.004675649,0.009055447,0.002106421,-0.003130834,-0.012588704,-0.000688611,0.999915621,0,nan
643,644,sequential,0.002545031,-0.014274141,0.002925757,-0.006390420,-0.001807297,0.000023781,0.999977948,0,nan
644,645,sequential,0.001231497,-0.000957160,0.011917508,0.000167195,0.003505138,0.000504561,0.999993716,0,nan
645,646,sequential,-0.027544617,0.005177082,-0.042412858,-0.001654846,-0.000013164,0.001575345,0.999997390,0,nan
646,647,sequential,0.013230225,0.004028935,-0.031824368,-0.001626938,0.000408364,-0.001911532,0.999996766,0,nan
647,648,sequential,-0.000455191,0.001543794,-0.032404417,-0.002293828,0.000539938,-0.001440428,0.999996186,0,nan
648,649,sequential,0.002762614,-0.004260618,-0.016283095,-0.003090498,-0.003415050,0.001357617,0.999988471,0,nan
649,650,sequential,0.008335876,0.002821157,-0.014960756,-0.001353381,0.000989152,-0.001233702,0.999997834,0,nan
650,651,sequential,-0.012372155,0.000072428,-0.019106734,-0.002174331,-0.001401870,-0.002325505,0.999993950,0,nan
651,652,sequential,-0.002431116,0.006691004,0.008396383,0.000859351,0.000783324,0.000272753,0.999999287,0,nan
652,653,sequential,-0.001845738,0.006014801,0.003864223,0.000485585,0.000243487,0.000794975,0.999999536,0,nan
653,654,sequential,0.000534697,0.010009625,-0.005792704,0.000904158,-0.000368903,0.000204972,0.999999502,0,nan
654,655,sequential,-0.003250866,-0.005705739,0.002035314,-0.000495291,0.000000658,-0.000224180,0.999999852,0,nan
655,656,sequential,0.001584335,0.003433638,0.003481310,0.000266269,0.000539902,0.000431834,0.999999726,0,nan
656,657,sequential,0.014163758,-0.017819904,-0.017752710,-0.002064710,-0.001008041,-0.000393570,0.999997283,0,nan
657,658,sequential,0.006021640,0.014286829,0.010870452,-0.000528276,-0.001666416,0.003198589,0.999993356,0,nan
